{
  "step": {
    "nominal": {
      "fm": {
        "rmse": 1.1378565484268555,
        "mae": 0.9654287120830056,
        "max_err": 2.2877228746869287
      },
      "rtc": {
        "rmse": 1.2837002104677382,
        "mae": 1.118152687722719,
        "max_err": 2.3066470427725205
      },
      "fbfm": {
        "rmse": 1.7607605481228248,
        "mae": 1.4584245263854638,
        "max_err": 3.831877235086887
      }
    },
    "mass\u00d72": {
      "fm": {
        "rmse": 1.1644040376033964,
        "mae": 1.035003303925543,
        "max_err": 1.9553942369583068
      },
      "rtc": {
        "rmse": 1.5341134106360896,
        "mae": 1.363878994125583,
        "max_err": 3.0077830443052767
      },
      "fbfm": {
        "rmse": 1.474623211117077,
        "mae": 1.2503151553770584,
        "max_err": 3.000594164015185
      }
    }
  },
  "sinusoidal": {
    "nominal": {
      "fm": {
        "rmse": 1.3988372837316043,
        "mae": 1.2087856851784808,
        "max_err": 2.8006463210583887
      },
      "rtc": {
        "rmse": 1.781494874470624,
        "mae": 1.500212016703943,
        "max_err": 3.475359835150954
      },
      "fbfm": {
        "rmse": 1.8885671171063363,
        "mae": 1.5298463158138378,
        "max_err": 3.6684893280213706
      }
    },
    "mass\u00d72": {
      "fm": {
        "rmse": 1.3248923673333968,
        "mae": 1.1213550538851922,
        "max_err": 2.5553951281760057
      },
      "rtc": {
        "rmse": 1.8924504851047306,
        "mae": 1.6381159565382473,
        "max_err": 3.5355818352379176
      },
      "fbfm": {
        "rmse": 2.076884868678004,
        "mae": 1.8358523023968445,
        "max_err": 3.6901984574185818
      }
    }
  }
}