{
  "step": {
    "nominal": {
      "fm": {
        "rmse": 1.006146037261659,
        "mae": 0.804504667959594,
        "max_err": 1.9931750544227047
      },
      "rtc": {
        "rmse": 1.2809897212731698,
        "mae": 1.059331702593406,
        "max_err": 2.8081351022709162
      },
      "fbfm": {
        "rmse": 1.1600926489451187,
        "mae": 1.024876299061992,
        "max_err": 2.0817221638216137
      }
    },
    "mass\u00d71.5": {
      "fm": {
        "rmse": 1.186397935199216,
        "mae": 1.0884115763562383,
        "max_err": 2.0591588331589383
      },
      "rtc": {
        "rmse": 1.3355280417956612,
        "mae": 1.2013576647383617,
        "max_err": 2.617235781562183
      },
      "fbfm": {
        "rmse": 1.4085526311819165,
        "mae": 1.2287104902599222,
        "max_err": 2.9167149869462348
      }
    },
    "mass\u00d72": {
      "fm": {
        "rmse": 1.1357709031630583,
        "mae": 1.0061242663917027,
        "max_err": 1.9939702894887257
      },
      "rtc": {
        "rmse": 1.5154936219561783,
        "mae": 1.3980024170192273,
        "max_err": 2.979054920770422
      },
      "fbfm": {
        "rmse": 1.501036182302669,
        "mae": 1.3560965214162315,
        "max_err": 2.971742959172193
      }
    },
    "mass\u00d73": {
      "fm": {
        "rmse": 1.22845296158862,
        "mae": 1.1567132172613024,
        "max_err": 1.9204459198100894
      },
      "rtc": {
        "rmse": 1.4831909795221712,
        "mae": 1.3375427906464727,
        "max_err": 2.8938454458450646
      },
      "fbfm": {
        "rmse": 1.3555934360602444,
        "mae": 1.1614628868526544,
        "max_err": 2.6871031702238635
      }
    },
    "stiff\u00d73": {
      "fm": {
        "rmse": 1.0864954069279666,
        "mae": 0.9317532131842831,
        "max_err": 2.28198994938322
      },
      "rtc": {
        "rmse": 1.2860721569681681,
        "mae": 1.0505162925464004,
        "max_err": 2.3142334424529594
      },
      "fbfm": {
        "rmse": 1.2857479416720847,
        "mae": 1.0654691475017675,
        "max_err": 2.2498681651230914
      }
    }
  },
  "sinusoidal": {
    "nominal": {
      "fm": {
        "rmse": 1.1809689080991717,
        "mae": 0.9831581946317567,
        "max_err": 2.2935376281941044
      },
      "rtc": {
        "rmse": 1.8112560586900526,
        "mae": 1.579927893823981,
        "max_err": 3.348929247866348
      },
      "fbfm": {
        "rmse": 1.7234724719234369,
        "mae": 1.4842073371550664,
        "max_err": 3.1555069250203687
      }
    },
    "mass\u00d71.5": {
      "fm": {
        "rmse": 1.2551532260304439,
        "mae": 1.1600098348141423,
        "max_err": 1.8526097984753238
      },
      "rtc": {
        "rmse": 1.7359743115857298,
        "mae": 1.4958093299299011,
        "max_err": 2.9623270517012363
      },
      "fbfm": {
        "rmse": 1.77482605153347,
        "mae": 1.5198309228732159,
        "max_err": 3.319932451223993
      }
    },
    "mass\u00d72": {
      "fm": {
        "rmse": 1.370124503563358,
        "mae": 1.2211468779754358,
        "max_err": 2.6870703223268952
      },
      "rtc": {
        "rmse": 1.8345181451736357,
        "mae": 1.6065036324296338,
        "max_err": 3.119255678742613
      },
      "fbfm": {
        "rmse": 2.123068935721912,
        "mae": 1.8787710545688185,
        "max_err": 3.951455690314182
      }
    },
    "mass\u00d73": {
      "fm": {
        "rmse": 1.0688719051114461,
        "mae": 0.8397690662316377,
        "max_err": 2.159176939665792
      },
      "rtc": {
        "rmse": 1.3416113838361612,
        "mae": 1.0444549112191546,
        "max_err": 2.5633157163248557
      },
      "fbfm": {
        "rmse": 1.8505786971389284,
        "mae": 1.6500372851697165,
        "max_err": 2.8573552993228617
      }
    },
    "stiff\u00d73": {
      "fm": {
        "rmse": 1.2734352466095673,
        "mae": 1.1262778581197306,
        "max_err": 2.775837063532295
      },
      "rtc": {
        "rmse": 1.2339861577626023,
        "mae": 1.0392331612669838,
        "max_err": 2.4837026660684898
      },
      "fbfm": {
        "rmse": 1.3448798072588282,
        "mae": 1.0584833858992149,
        "max_err": 2.6737113478561287
      }
    }
  }
}