{
  "step": {
    "nominal": {
      "fbfm_full": {
        "rmse": 1.1600926489451187,
        "mae": 1.024876299061992,
        "max_err": 2.0817221638216137
      },
      "fbfm_no_feedback": {
        "rmse": 1.0762792982749316,
        "mae": 0.8879824567712638,
        "max_err": 2.1245176970874864
      },
      "rtc": {
        "rmse": 1.2809897212731698,
        "mae": 1.059331702593406,
        "max_err": 2.8081351022709162
      }
    },
    "mass\u00d72": {
      "fbfm_full": {
        "rmse": 1.501036182302669,
        "mae": 1.3560965214162315,
        "max_err": 2.971742959172193
      },
      "fbfm_no_feedback": {
        "rmse": 1.1536867258341172,
        "mae": 1.000775747496009,
        "max_err": 1.9795099801683662
      },
      "rtc": {
        "rmse": 1.5154936219561783,
        "mae": 1.3980024170192273,
        "max_err": 2.979054920770422
      }
    },
    "mass\u00d73": {
      "fbfm_full": {
        "rmse": 1.3555934360602444,
        "mae": 1.1614628868526544,
        "max_err": 2.6871031702238635
      },
      "fbfm_no_feedback": {
        "rmse": 1.2274322751867959,
        "mae": 1.1759712424874542,
        "max_err": 1.7284649837356356
      },
      "rtc": {
        "rmse": 1.4831909795221712,
        "mae": 1.3375427906464727,
        "max_err": 2.8938454458450646
      }
    }
  },
  "sinusoidal": {
    "nominal": {
      "fbfm_full": {
        "rmse": 1.7234724719234369,
        "mae": 1.4842073371550664,
        "max_err": 3.1555069250203687
      },
      "fbfm_no_feedback": {
        "rmse": 1.4158760473198284,
        "mae": 1.238406906875692,
        "max_err": 2.8560921149719034
      },
      "rtc": {
        "rmse": 1.8112560586900526,
        "mae": 1.579927893823981,
        "max_err": 3.348929247866348
      }
    },
    "mass\u00d72": {
      "fbfm_full": {
        "rmse": 2.123068935721912,
        "mae": 1.8787710545688185,
        "max_err": 3.951455690314182
      },
      "fbfm_no_feedback": {
        "rmse": 1.2712006475372533,
        "mae": 1.0845327401970195,
        "max_err": 2.2399220196169964
      },
      "rtc": {
        "rmse": 1.8345181451736357,
        "mae": 1.6065036324296338,
        "max_err": 3.119255678742613
      }
    },
    "mass\u00d73": {
      "fbfm_full": {
        "rmse": 1.8505786971389284,
        "mae": 1.6500372851697165,
        "max_err": 2.8573552993228617
      },
      "fbfm_no_feedback": {
        "rmse": 1.2490238782055916,
        "mae": 1.1197916428378276,
        "max_err": 1.9190878823860376
      },
      "rtc": {
        "rmse": 1.3416113838361612,
        "mae": 1.0444549112191546,
        "max_err": 2.5633157163248557
      }
    }
  }
}