{
  "step": {
    "nominal": {
      "n_inner=1": {
        "rmse": 1.076783942309631,
        "mae": 0.9788709688028812
      },
      "n_inner=2": {
        "rmse": 1.736950323178221,
        "mae": 1.4047385850982548
      },
      "n_inner=4": {
        "rmse": 1.4311625062242468,
        "mae": 1.2416419155396001
      },
      "n_inner=8": {
        "rmse": 0.42855476004451326,
        "mae": 0.29286412679093415
      },
      "n_inner=16": {
        "rmse": 4.839108464333952,
        "mae": 2.4283621669983977
      }
    },
    "mass\u00d72": {
      "n_inner=1": {
        "rmse": 1.02579968598799,
        "mae": 0.959182510169356
      },
      "n_inner=2": {
        "rmse": 2.0676117983132305,
        "mae": 1.7653777449721268
      },
      "n_inner=4": {
        "rmse": 1.689437097231001,
        "mae": 1.4881907254237734
      },
      "n_inner=8": {
        "rmse": 0.4280951461602972,
        "mae": 0.33850540115134264
      },
      "n_inner=16": {
        "rmse": 7.828674717195815,
        "mae": 4.568028541922107
      }
    }
  },
  "sinusoidal": {
    "nominal": {
      "n_inner=1": {
        "rmse": 0.7092755811920964,
        "mae": 0.638518375129372
      },
      "n_inner=2": {
        "rmse": 1.858808427936012,
        "mae": 1.4823461611922206
      },
      "n_inner=4": {
        "rmse": 2.4390330504449693,
        "mae": 2.101674836666431
      },
      "n_inner=8": {
        "rmse": 0.5673541621312407,
        "mae": 0.4703560265837693
      },
      "n_inner=16": {
        "rmse": 0.24677760085264552,
        "mae": 0.18664512335962014
      }
    },
    "mass\u00d72": {
      "n_inner=1": {
        "rmse": 0.6919799071895286,
        "mae": 0.6232577661244978
      },
      "n_inner=2": {
        "rmse": 1.8145245420990945,
        "mae": 1.6050180455447027
      },
      "n_inner=4": {
        "rmse": 2.1600622015701747,
        "mae": 1.90293500905665
      },
      "n_inner=8": {
        "rmse": 0.5721516885696619,
        "mae": 0.5033359952640493
      },
      "n_inner=16": {
        "rmse": 0.09567937511878907,
        "mae": 0.0804527587572446
      }
    }
  }
}